<?xml version="1.0" encoding="utf-8" ?>
<dwsync>
<file name="dialog-alt.html" server="cisweb.hct.ac.ae" local="130270829400000000" remote="130287147600000000" Dst="0" />
<file name="dialog-buttons.html" server="cisweb.hct.ac.ae" local="130270829400000000" remote="130287147600000000" Dst="0" />
<file name="dialog-corners.html" server="cisweb.hct.ac.ae" local="130270829400000000" remote="130287147600000000" Dst="0" />
<file name="dialog-noclosebtn.html" server="cisweb.hct.ac.ae" local="130270829400000000" remote="130287147600000000" Dst="0" />
<file name="dialog-overlay.html" server="cisweb.hct.ac.ae" local="130270829400000000" remote="130287147600000000" Dst="0" />
<file name="dialog-rightclosebtn.html" server="cisweb.hct.ac.ae" local="130270829400000000" remote="130287147600000000" Dst="0" />
<file name="dialog-success.html" server="cisweb.hct.ac.ae" local="130270829400000000" remote="130287147600000000" Dst="0" />
<file name="dialog-with-select.html" server="cisweb.hct.ac.ae" local="130270829400000000" remote="130287147600000000" Dst="0" />
<file name="dialog.html" server="cisweb.hct.ac.ae" local="130270829400000000" remote="130287147600000000" Dst="0" />
<file name="index.html" server="cisweb.hct.ac.ae" local="130270829400000000" remote="130287147600000000" Dst="0" />
</dwsync>