<?xml version="1.0" encoding="utf-8" ?>
<dwsync>
<file name="capetown.html" server="cisweb.hct.ac.ae" local="130270829400000000" remote="130287147600000000" Dst="0" />
<file name="buenosaires.html" server="cisweb.hct.ac.ae" local="130270829400000000" remote="130287147600000000" Dst="0" />
<file name="newyork.html" server="cisweb.hct.ac.ae" local="130270829400000000" remote="130287147600000000" Dst="0" />
<file name="paris.html" server="cisweb.hct.ac.ae" local="130270829400000000" remote="130287147600000000" Dst="0" />
<file name="index.html" server="cisweb.hct.ac.ae" local="130270829400000000" remote="130287147600000000" Dst="0" />
<file name="seoul.html" server="cisweb.hct.ac.ae" local="130270829400000000" remote="130287147600000000" Dst="0" />
<file name="swipe-page.css" server="cisweb.hct.ac.ae" local="130270829400000000" remote="130287147600000000" Dst="0" />
<file name="swipe-page.js" server="cisweb.hct.ac.ae" local="130270829400000000" remote="130287147600000000" Dst="0" />
<file name="sydney.html" server="cisweb.hct.ac.ae" local="130270829400000000" remote="130287147600000000" Dst="0" />
</dwsync>