<?xml version="1.0" encoding="utf-8" ?>
<dwsync>
<file name="favicon.ico" server="cisweb.hct.ac.ae" local="130270829400000000" remote="130287147600000000" Dst="0" />
<file name="index.html" server="cisweb.hct.ac.ae" local="130270829400000000" remote="130287147600000000" Dst="0" />
<file name="jqm-contents.html" server="cisweb.hct.ac.ae" local="130270829400000000" remote="130287147600000000" Dst="0" />
<file name="jqm-contents.php" server="cisweb.hct.ac.ae" local="130270829400000000" remote="130287147600000000" Dst="0" />
<file name="jqm-navmenu.html" server="cisweb.hct.ac.ae" local="130270829400000000" remote="130287147600000000" Dst="0" />
<file name="jqm-navmenu.php" server="cisweb.hct.ac.ae" local="130270829400000000" remote="130287147600000000" Dst="0" />
<file name="jqm-search.html" server="cisweb.hct.ac.ae" local="130270829400000000" remote="130287147600000000" Dst="0" />
<file name="jqm-search.php" server="cisweb.hct.ac.ae" local="130270829400000000" remote="130287147600000000" Dst="0" />
</dwsync>