<?xml version="1.0" encoding="utf-8" ?>
<dwsync>
<file name="album-af.jpg" server="cisweb.hct.ac.ae" local="130270829400000000" remote="130287147600000000" Dst="0" />
<file name="album-ag.jpg" server="cisweb.hct.ac.ae" local="130270829400000000" remote="130287147600000000" Dst="0" />
<file name="album-bk.jpg" server="cisweb.hct.ac.ae" local="130270829400000000" remote="130287147600000000" Dst="0" />
<file name="album-hc.jpg" server="cisweb.hct.ac.ae" local="130270829400000000" remote="130287147600000000" Dst="0" />
<file name="album-bb.jpg" server="cisweb.hct.ac.ae" local="130270829400000000" remote="130287147600000000" Dst="0" />
<file name="album-k.jpg" server="cisweb.hct.ac.ae" local="130270829400000000" remote="130287147600000000" Dst="0" />
<file name="album-mg.jpg" server="cisweb.hct.ac.ae" local="130270829400000000" remote="130287147600000000" Dst="0" />
<file name="album-ok.jpg" server="cisweb.hct.ac.ae" local="130270829400000000" remote="130287147600000000" Dst="0" />
<file name="album-p.jpg" server="cisweb.hct.ac.ae" local="130270829400000000" remote="130287147600000000" Dst="0" />
<file name="album-rh.jpg" server="cisweb.hct.ac.ae" local="130270829400000000" remote="130287147600000000" Dst="0" />
<file name="album-ws.jpg" server="cisweb.hct.ac.ae" local="130270829400000000" remote="130287147600000000" Dst="0" />
<file name="album-xx.jpg" server="cisweb.hct.ac.ae" local="130270829400000000" remote="130287147600000000" Dst="0" />
<file name="bg-pattern.png" server="cisweb.hct.ac.ae" local="130270829400000000" remote="130287147600000000" Dst="0" />
<file name="apple.png" server="cisweb.hct.ac.ae" local="130270829400000000" remote="130287147600000000" Dst="0" />
<file name="bmw-thumb.jpg" server="cisweb.hct.ac.ae" local="130270829400000000" remote="130287147600000000" Dst="0" />
<file name="bike.jpg" server="cisweb.hct.ac.ae" local="130270829400000000" remote="130287147600000000" Dst="0" />
<file name="blackberry_10.png" server="cisweb.hct.ac.ae" local="130270829400000000" remote="130287147600000000" Dst="0" />
<file name="buenosaires.jpg" server="cisweb.hct.ac.ae" local="130270829400000000" remote="130287147600000000" Dst="0" />
<file name="de.png" server="cisweb.hct.ac.ae" local="130270829400000000" remote="130287147600000000" Dst="0" />
<file name="capetown.jpg" server="cisweb.hct.ac.ae" local="130270829400000000" remote="130287147600000000" Dst="0" />
<file name="fi.png" server="cisweb.hct.ac.ae" local="130270829400000000" remote="130287147600000000" Dst="0" />
<file name="bmw.jpg" server="cisweb.hct.ac.ae" local="130270829400000000" remote="130287147600000000" Dst="0" />
<file name="firefox_os.png" server="cisweb.hct.ac.ae" local="130270829400000000" remote="130287147600000000" Dst="0" />
<file name="firefox-logo.png" server="cisweb.hct.ac.ae" local="130270829400000000" remote="130287147600000000" Dst="0" />
<file name="gb.png" server="cisweb.hct.ac.ae" local="130270829400000000" remote="130287147600000000" Dst="0" />
<file name="galaxy_express.png" server="cisweb.hct.ac.ae" local="130270829400000000" remote="130287147600000000" Dst="0" />
<file name="gf.png" server="cisweb.hct.ac.ae" local="130270829400000000" remote="130287147600000000" Dst="0" />
<file name="jquery-logo.png" server="cisweb.hct.ac.ae" local="130270829400000000" remote="130287147600000000" Dst="0" />
<file name="landrover-thumb.jpg" server="cisweb.hct.ac.ae" local="130270829400000000" remote="130287147600000000" Dst="0" />
<file name="lumia_800.png" server="cisweb.hct.ac.ae" local="130270829400000000" remote="130287147600000000" Dst="0" />
<file name="nexus_7.png" server="cisweb.hct.ac.ae" local="130270829400000000" remote="130287147600000000" Dst="0" />
<file name="landrover.jpg" server="cisweb.hct.ac.ae" local="130270829400000000" remote="130287147600000000" Dst="0" />
<file name="newyork.jpg" server="cisweb.hct.ac.ae" local="130270829400000000" remote="130287147600000000" Dst="0" />
<file name="phone_galaxy3.png" server="cisweb.hct.ac.ae" local="130270829400000000" remote="130287147600000000" Dst="0" />
<file name="phone_iphone5.png" server="cisweb.hct.ac.ae" local="130270829400000000" remote="130287147600000000" Dst="0" />
<file name="phone_lumia920.png" server="cisweb.hct.ac.ae" local="130270829400000000" remote="130287147600000000" Dst="0" />
<file name="paris.jpg" server="cisweb.hct.ac.ae" local="130270829400000000" remote="130287147600000000" Dst="0" />
<file name="phone_onex.png" server="cisweb.hct.ac.ae" local="130270829400000000" remote="130287147600000000" Dst="0" />
<file name="photo-run.jpeg" server="cisweb.hct.ac.ae" local="130270829400000000" remote="130287147600000000" Dst="0" />
<file name="photo-landscape.jpg" server="cisweb.hct.ac.ae" local="130270829400000000" remote="130287147600000000" Dst="0" />
<file name="seoul.jpg" server="cisweb.hct.ac.ae" local="130270829400000000" remote="130287147600000000" Dst="0" />
<file name="tesla-thumb.jpg" server="cisweb.hct.ac.ae" local="130270829400000000" remote="130287147600000000" Dst="0" />
<file name="sydney.jpg" server="cisweb.hct.ac.ae" local="130270829400000000" remote="130287147600000000" Dst="0" />
<file name="tizen.png" server="cisweb.hct.ac.ae" local="130270829400000000" remote="130287147600000000" Dst="0" />
<file name="us.png" server="cisweb.hct.ac.ae" local="130270829400000000" remote="130287147600000000" Dst="0" />
<file name="photo-portrait.jpg" server="cisweb.hct.ac.ae" local="130270829400000000" remote="130287147600000000" Dst="0" />
<file name="tesla.jpg" server="cisweb.hct.ac.ae" local="130270829400000000" remote="130287147600000000" Dst="0" />
</dwsync>