<?xml version="1.0" encoding="utf-8" ?>
<dwsync>
<file name="2.png" server="cisweb.hct.ac.ae" local="130285715380000000" remote="130287147600000000" Dst="0" />
<file name="ajax-loader.gif" server="cisweb.hct.ac.ae" local="130258494820000000" remote="130287147600000000" Dst="0" />
<file name="hd1.png" server="cisweb.hct.ac.ae" local="130286294690142518" remote="130287147600000000" Dst="0" />
<file name="banner.png" server="cisweb.hct.ac.ae" local="130286251775677416" remote="130287147600000000" Dst="0" />
<file name="icons-18-black.png" server="cisweb.hct.ac.ae" local="130258494820000000" remote="130287147600000000" Dst="0" />
<file name="icons-18-white.png" server="cisweb.hct.ac.ae" local="130258494820000000" remote="130287147600000000" Dst="0" />
<file name="icons-36-black.png" server="cisweb.hct.ac.ae" local="130258494820000000" remote="130287147600000000" Dst="0" />
<file name="icons-36-white.png" server="cisweb.hct.ac.ae" local="130258494820000000" remote="130287147600000000" Dst="0" />
<file name="_icon1.png" server="cisweb.hct.ac.ae" local="130285688880000000" remote="130287147600000000" Dst="0" />
<file name="_icon2.png" server="cisweb.hct.ac.ae" local="130285688880000000" remote="130287147600000000" Dst="0" />
<file name="_icon3.png" server="cisweb.hct.ac.ae" local="130285688900000000" remote="130287147600000000" Dst="0" />
<file name="_icon4.png" server="cisweb.hct.ac.ae" local="130285688900000000" remote="130287147600000000" Dst="0" />
<file name="_icon5.png" server="cisweb.hct.ac.ae" local="130285688920000000" remote="130287147600000000" Dst="0" />
<file name="_icon6-2.png" server="cisweb.hct.ac.ae" local="130285694903903372" remote="130287147600000000" Dst="0" />
<file name="_icon6.png" server="cisweb.hct.ac.ae" local="130285688940000000" remote="130287147600000000" Dst="0" />
<file name="_icon7.png" server="cisweb.hct.ac.ae" local="130285693580000000" remote="130287147600000000" Dst="0" />
</dwsync>