<?xml version="1.0" encoding="utf-8" ?>
<dwsync>
<file name="09-chat2.png" server="cisweb.hct.ac.ae" local="130270829400000000" remote="130287147600000000" Dst="0" />
<file name="100-coffee.png" server="cisweb.hct.ac.ae" local="130270829400000000" remote="130287147600000000" Dst="0" />
<file name="18-envelope.png" server="cisweb.hct.ac.ae" local="130270829400000000" remote="130287147600000000" Dst="0" />
<file name="19-gear.png" server="cisweb.hct.ac.ae" local="130270829400000000" remote="130287147600000000" Dst="0" />
<file name="21-skull.png" server="cisweb.hct.ac.ae" local="130270829400000000" remote="130287147600000000" Dst="0" />
<file name="30-key.png" server="cisweb.hct.ac.ae" local="130270829400000000" remote="130287147600000000" Dst="0" />
<file name="34-coffee.png" server="cisweb.hct.ac.ae" local="130270829400000000" remote="130287147600000000" Dst="0" />
<file name="88-beermug.png" server="cisweb.hct.ac.ae" local="130270829400000000" remote="130287147600000000" Dst="0" />
<file name="Read me first - license.txt" server="cisweb.hct.ac.ae" local="130270829400000000" remote="130287147600000000" Dst="0" />
</dwsync>